Structure Number1,GPS Lat,GPS Long,Wood Species2,Preservative3,Moisture %,Chlorine %,Sawdust Program wt.% Pres.,Sawdust Progrqm PCF,Comments
1 (1),45.40456,-63.30878,DF,Penta,31,,-0.007,-0.002,Negative despite being run on low range calibration
1 (2),45.40456,-63.30878,DF,Penta,25.8,,0.194,0.055,
2 (1),45.40467,-63.30728,DF,Penta,13.1,,0.003,0.001,
2 (2),45.40467,-63.30728,DF,Penta,9.5,,0.004,0.001,
3 (1),45.40397,-63.30439,DF,Penta,14.7,,0.065,0.016,
3 (2),45.40397,-63.30439,DF,Penta,8.9,,0.057,0.016,
3 (3),45.40397,-63.30439,DF,Penta,7.3,,0.008,0.008,
4 (1),45.40419,-63.30003,DF,Penta,15.3,,0.159,0.045,
4 (2),45.40419,-63.30003,DF,Penta,14.4,,0.005,0.001,
4 (3),45.40419,-63.30003,DF,Penta,13.3,,0.02,0.006,
5 (1),45.40163 N,63.29742 W,DF,Penta,13.7,,0.049,0.014,
5 (2),45.40163 N,63.29742 W,DF,Penta,10.1,,0.163,0.046,
5 (3),45.40163 N,63.29742 W,DF,Penta,10.6,,0.024,0.007,
6 (1),45.40225 N,63.29625 W,DF,Penta,13.6,,0.074,0.021,
6 (2),45.40225 N,63.29625 W,DF,Penta,10.2,,0.025,0.007,
7 (1),45.40305 N,63.29484 W,DF,Penta,8.9,,0.762,0.214,
7 (2),45.40305 N,63.29484 W,RP,Penta,10.4,,0.385,0.093,
8 (1),45.40742,-63.29839,RP,Penta,10.6,,0.2,0.049,
8 (2),45.40742,-63.29839,RP,Penta,8.1,,0.871,0.212,
9 (1),45.40892,-63.2955,RP,Penta,9.9,,0.647,0.157,
9 (2),45.40892,-63.2955,RP,Penta,8.3,,0.384,0.093,
10 (1),45.41092,-63.29189,RP,Penta,8.3,,0.586,0.142,
10 (2),45.41092,-63.29189,RP,Penta,8.4,,0.158,0.038,
11 (1),45.41239,-63.28922,RP,Penta,11.8,,0.046,0.011,
11 (2),45.41239,-63.28922,RP,Penta,10.7,,-0.007,-0.002,Negative despite being run on low range calibration
12 (1),45.41439,-63.28553,RP,Penta,8.5,,0,0,
12 (2),45.41439,-63.28553,RP,Penta,11.6,,0.005,0.001,
12 (3),45.41439,-63.28553,RP,Penta,10.2,,,0,
13 (1),45.41481,-63.29358,RP,Penta,8.5,,0.022,0.005,
13 (2),45.41481,-63.29358,RP,Penta,8,,-0.009,-0.002,Negative despite being run on low range calibration
14 (1),45.37589,-63.27647,DF,Penta,8.7,,0.224,0.063,
14 (2),45.37589,-63.27647,DF,Penta,8.2,,0.448,0.126,
15 (1),45.41569,-63.28653,DF,Penta,8.6,,0.79,0.222,
15 (2),45.41569,-63.28653,DF,Penta,9,,0.523,0.147,
16 (1),45.416,-63.28375,RP,Penta,9.9,,0.003,0.001,
16 (2),45.416,-63.28375,RP,Penta,9,,0.003,0.001,
17 (1),45.41631,-63.28094,DF,Penta,14,,0.34,0.096,
17 (2),45.41631,-63.28094,DF,Penta,9.7,,0.452,0.127,
17 (3),45.41631,-63.28094,DF,Penta,9.4,,0.155,0.044,
18 (1),45.41681,-63.27411,RP,Boron,11.8,,,-1,Creo
18 (2),45.41681,-63.27411,RP,Penta,12.3,,,-1,Creo
18 (3),45.41681,-63.27411,RP,Boron,9.9,,,-1,Creo
19 (1),45.41717,-63.26914,DF,Penta,9.8,,0.797,0.224,
19 (2),45.41717,-63.26914,DF,Penta,8.9,,0.637,0.179,
20 (1),45.41703,-63.27403,RP,Boron,10.4,,0.03,0.08,
20 (2),45.41703,-63.27403,RP,Boron,11.5,,0.018,0.005,
21 (1),45.41775,-63.27042,RP,Penta,10.6,,0.983,0.239,
21 (2),45.41775,-63.27042,RP,Penta,10.4,,0.016,0.004,
21 (3),45.41775,-63.27042,RP,Penta,10.5,,0.001,0,
22 (1),45.41917,-63.26625,RP,Boron,8.1,,,-1,Creo
22 (2),45.41917,-63.26625,RP,Boron,8.1,,,-1,Creo
23 (1),45.42014,-63.26314,DF,Penta,11.1,,0.034,0.01,
23 (2),45.42014,-63.26314,DF,Penta,11,,0.01,0.003,
24 (1),45.42133,-63.25922,DF,Penta,10.3,,0.833,0.234,
24 (2),45.42133,-63.25922,DF,Penta,8.3,,1.455,0.409,
25 (1),45.42258,-63.25564,DF,Penta,8.4,,0.803,0.226,
25 (2),45.42258,-63.25564,DF,Penta,8.1,,0.702,0.197,
26 (1),45.42433,-63.25011,DF,Penta,9.2,,0.191,0.054,
26 (2),45.42433,-63.25011,DF,Penta,8.4,,0.138,0.039,
27 (1),45.426,-63.25678,DF,Penta,8.3,,0.011,0.003,
27 (2),45.426,-63.25678,DF,Penta,8.6,,1.275,0.358,
28 (1),45.42711,-63.25297,DF,Penta,8.3,,1.121,0.315,
28 (2),45.42711,-63.25297,DF,Penta,11.4,,,-1,Creo
29 (1),45.41711,-63.24925,DF,Penta,8.1,,0.472,0.133,
29 (2),45.41711,-63.24925,DF,Penta,8.1,,0.708,0.199,
30 (1),45.41828,-63.24561,DF,Penta,8.3,,0.044,0.012,
30 (2),45.41828,-63.24561,DF,Penta,8.2,,0.112,0.031,
31 (1),45.41821 N,63.23879 W,DF,Penta,9.1,,1.399,0.393,
31 (2),45.41821 N,63.23879 W,DF,Penta,10.4,,0.756,0.255,
32 (1),45.41910 N,63.23610 W,RP,Boron,8.1,,0.907,0.255,
32 (2),45.41910 N,63.23610 W,RP,Penta,8,,,-1,Creo
33 (1),45.41967 N,63.23419 W,RP,Penta,10.5,,1.272,0.309,
33 (2),45.41967 N,63.23419 W,RP,Penta,8.4,,1.167,0.284,
34 (1),45.42044 N,63.23168 W,RP,Penta,6.6,,0.5,0.121,
34 (2),45.42044 N,63.23168 W,RP,Penta,6.2,,0.2,0.049,
35 (1),45.42119 N,63.22922 W,RP,Penta,6.8,,0.719,0.175,
35 (2),45.42119 N,63.22922 W,RP,Penta,8.5,,1.706,0.414,
36 (1),45.42186 N,63.22677 W,RP,Penta,6.5,,0.219,0.053,
36 (2),45.42186 N,63.22677 W,RP,Penta,6.5,,0.667,0.162,
37 (1),45.42281 N,63.22422 W,DF,Penta,7.3,,0.954,0.232,
37 (2),45.42281 N,63.22422 W,DF,Penta,6.3,,1.178,0.286,
38 (1),45.42338 N,63.22233 W,RP,Penta,9,,1.25,0.304,
38 (2),45.42338 N,63.22233 W,RP,Penta,7,,1.47,0.357,
39 (1),45.42419 N,63.21985 W,RP,Penta,8.6,,0.094,0.023,
39 (2),45.42419 N,63.21985 W,RP,Penta,7.2,,-0.026,-0.006,Negative despite being run on low range calibration
40 (1),45.42478 N,63.21795 W,RP,Penta,6.1,,0.065,0.018,
40 (2),45.42478 N,63.21795 W,RP,Penta,6.5,,0.435,0.122,
41 (1),45.42574 N,63.21481 W,RP,Penta,7.1,,0.034,0.01,
41 (2),45.42574 N,63.21481 W,RP,Penta,7,,0.002,0.001,
42 (1),45.42574 N,63.21481 W,RP,Penta,8.2,,,-1,Creo
42 (2),45.42574 N,63.21481 W,RP,Penta,9.1,,-0.002,0,Negative despite being run on low range calibration
43 (1),45.42684 N,63.21126 W,RP,Penta,18.3,,0.107,0.026,
43 (2),45.42684 N,63.21126 W,RP,Penta,21.4,,0.333,0.081,
44 (1),45.42836 N,63.20657 W,DF,Penta,6.5,,0.907,0.255,
44 (2),45.42836 N,63.20657 W,DF,Penta,6.2,,0.349,0.098,
45 (1),45.42900 N,63.20462 W,RP,Penta,7.8,,,-1,Creo
45 (2),45.42900 N,63.20462 W,RP,Penta,7.2,,,-1,Creo
46 (1),45.42958 N,63.20264 W,RP,Penta,26,,0.262,0.064,
46 (2),45.42958 N,63.20264 W,RP,Penta,7.2,,,-1,Creo
47 (1),45.43029 N,63.20090 W,RP,Penta,7.8,,0.341,0.083,
47 (2),45.43029 N,63.20090 W,RP,Penta,6.9,,0.259,0.063,
48 (1),45.43090 N,63.19883 W,RP,Penta,8,,0.529,0.129,
48 (2),45.43090 N,63.19883 W,RP,Penta,10.4,,1.003,0.244,
49 (1),45.43132 N,63.19704 W,DF,Penta,11.1,,0.545,0.153,
49 (2),45.43132 N,63.19704 W,DF,Penta,10.7,,0.753,0.212,
50 (1),45.43242 N,63.19401 W,RP,Penta,12.3,,0.022,0.005,
50 (2),45.43242 N,63.19401 W,RP,Penta,25.1,,0.026,0.006,
50 (3),45.43242 N,63.19401 W,RP,Penta,Unknown,,0.123,0.03,Pole moisture was not recorded on sheet
51 (1),45.43318 N,63.19184 W,DF,Penta,10.1,,0.185,0.052,
51 (2),45.43318 N,63.19184 W,DF,Penta,10.3,,0.237,0.066,
52 (1),45.43400 N,63.18939 W,SYP,Penta,11.6,,0.286,0.096,
52 (2),45.43400 N,63.18939 W,SYP,Penta,12.2,,0.233,0.078,
53 (1),45.43468 N,63.18733 W,RP,Penta,13,,0.763,0.185,
53 (2),45.43468 N,63.18733 W,RP,Penta,12.1,,0.687,0.167,
54 (1),45.43553 N,63.18509 W,DF,Penta,10.8,,0.168,0.047,
54 (2),45.43553 N,63.18509 W,DF,Penta,9.1,,0.087,0.025,
55 (1),45.43630 N,63.18298 W,RP,Penta,12.3,,,-1,Creo
55 (2),45.43630 N,63.18298 W,RP,Penta,11.2,,,-1,Creo
56 (1),45.43700 N,63.18077 W,DF,Penta,16.5,,0.128,0.036,
56 (2),45.43700 N,63.18077 W,DF,Penta,6.2,,0.043,0.012,
57 (1),45.43793 N,63.17770. W,RP,Penta,11.3,,,-1,Creo
57 (2),45.43793 N,63.17770. W,RP,Penta,11,,,-1,Creo
58 (1),45.43925 N,63.17403 W,SYP,Penta,7.2,,1.546,0.521,
58 (2),45.43925 N,63.17403 W,SYP,Penta,10.4,,0.277,0.093,
59 (1),45.43997 N,63.17168 W,RP,Penta,10.1,,0.02,0.006,
59 (2),45.43997 N,63.17168 W,RP,Penta,8.2,,0.138,0.039,
60 (1),45.44078 N,63.16949 W,RP,Penta,8.1,,0.048,0.012,
60 (2),45.44078 N,63.16949 W,RP,Penta,9.8,,,-1,Creo
61 (1),45.44159 N,63.16713 W,SYP,Penta,10.2,,0.977,0.329,
61 (2),45.44159 N,63.16713 W,SYP,Penta,8.2,,0.256,0.086,
62 (1),45.44250 N,63.16206 W,DF,Penta,8,,0.072,0.02,
62 (2),45.44250 N,63.16206 W,DF,Penta,8.1,,0.002,0,
63 (1),45.44320 N,63.16206 W,RP,Penta,10.8,,0,0,
63 (2),45.44320 N,63.16206 W,RP,Penta,8.2,,0.422,0.103,
64 (1),45.44388 N,63.16026 W,RP,CCA,12,,,-1,Creo
64 (2),45.44388 N,63.16026 W,RP,CCA,11.6,,,-1,Creo
65 (1),45.44468 N,63.15788 W,DF,Penta,8.9,,0.965,0.271,
65 (2),45.44468 N,63.15788 W,DF,Penta,8.1,,0.678,0.19,
66 (1),45.44565 N,63.15511 W,DF,Penta,8.7,,1.024,0.569,
66 (2),45.44565 N,63.15511 W,DF,Penta,8.3,,0.171,0.048,
67 (1),45.44667 N,63.15244 W,RP,Penta,10.8,,,-1,Creo
67 (2),45.44667 N,63.15244 W,RP,Penta,8.1,,,-1,Creo
68 (1),45.44745 N,63.14990 W,DF,Penta,9.6,,0.088,0.025,
68 (2),45.44745 N,63.14990 W,DF,Penta,8.1,,0.26,0.073,
69 (1),45.44866 N,63.14624 W,DF,Penta,8.9,,0.096,0.027,
69 (2),45.44866 N,63.14624 W,DF,Penta,9.7,,0.024,0.007,
70 (1),45.44990 N,63.14287 W,DF,Penta,9.3,,0.143,0.04,
70 (2),45.44990 N,63.14287 W,DF,Penta,9.5,,0.229,0.064,
71 (1),45.45055 N,63.14083 W,RP,Penta,9.2,,,-1,Creo
71 (20,45.45055 N,63.14083 W,RP,Penta,9.7,,,-1,Creo
72 (1),45.45120 N,63.13912 W,RP,Penta,13.6,,0.092,0.026,
72 (2),45.45120 N,63.13912 W,RP,Penta,10.5,,-0.002,-0.001,Negative despite being run on low range calibration
73 (1),45.45189 N,63.13750 W,DF,Penta,12.1,,1.177,0.331,
73 (2),45.45189 N,63.13750 W,DF,Penta,15.6,,0.748,0.21,
74 (1),45.45277 N,63.13495 W,DF,Penta,10.9,,1.437,0.404,
74 (2),45.45277 N,63.13495 W,DF,Penta,11.2,,1.338,0.376,
75 (1),45.45340 N,63.13309 W,SYP,Penta,9.8,,1.272,0.429,
75 (2),45.45340 N,63.13309 W,SYP,Penta,14.3,,2.119,0.714,
76 (1),45.45403 N,63.13129 W,DF,Penta,10,,0.268,0.075,
76 (2),45.45403 N,63.13129 W,DF,Penta,9.1,,0.182,0.051,
77 (1),45.45053 N,63.12771 W,RP,Penta,9.2,,,-1,Creo
77 (2),45.45053 N,63.12771 W,RP,Penta,12,,0.015,0.004,
78 (1),45.45583 N,63.12552 W,RP ,Penta,11.7,,,-1,Creo
78 (2),45.45583 N,63.12552 W,RP ,Penta,9.2,,,-1,Creo
79 (1),45.45727 N,63.12176 W,RP,Penta,9,,,-1,Creo
79 (2),45.45727 N,63.12176 W,RP,Penta,9.7,,,-1,Creo
80 (1),45.45979 N,63.11993 W,SYP,Penta,16.6,,-0.007,-0.002,Rotten Pole
80 (2),45.45979 N,63.11993 W,SYP,Penta,12.8,,-0.004,0.001,Rotten Pole
81 (1),45.45840 N,63.11812 W,RP ,Penta,13.2,,0.389,0.094,
81 (2),45.45840 N,63.11812 W,RP,Penta,14.1,,1.216,0.295,
82 (1),45.45919 N,63.11577W,DF,Penta,9.1,,0.285,0.08,
82 (2) ,45.45919 N,63.11577 W,DF,Penta,9.4,,0.251,0.07,
83 (1),45.45990 N,63.11366 W,DF,Penta,10.3,,0.414,0.116,
83 (2),45.45990 N,63.11366 W,DF,Penta,10.1,,0.74,0.208,
84 (1),45.46082 N,63.11157 W,RP,Penta,7.2,,0.439,0.148,
84 (2),45.46082 N,63.11157 W,RP,Penta,9.6,,,-1,Creo
85 (1),45.46149 N,63.10938 W,SYP,Penta,9.8,,,-1,Creo
85 (2),45.46149 N,63.10938 W,SYP,Penta,7.8,,,-1,Creo
86 (1),45.46223 N,63.10742 W,RP,Penta,8.1,,,-1,Creo
86 (2),45.46223 N,63.10742 W,RP,Penta,6.8,,,-1,Creo
87 (1),45.46288 N,63.10538 W,SYP,Penta,9.5,,,-1,Creo
87 (2),45.46288 N,63.10538 W,SYP,Penta,7.1,,0.312,0.105,
88 (1),45.46375 N,63.10051 W,DF,Penta,6.1,,0.08,0.022,
88 (2),45.46375 N,63.10051 W,DF,Penta,8.2,,0.73,0.205,
89 (1),45.46469 N,63.10051 W,SYP,Penta,11.8,,1.291,0.435,
89 (2),45.46469 N,63.10051 W,SYP,Penta,10,,1.004,0.338,
90 (1),45.46526 N,63.09862 W,SYP,Penta,10.7,,0.392,0.132,
90 (2),45.46526 N,63.09862 W,SYP,Penta,9.1,,0.049,0.017,
91 (1),45.46595 N,63.09685 W,DF,Penta,9.1,,0.524,0.147,
91 (2),45.46595 N,63.09685 W,DF,Penta,9,,0.02,0.006,
92 (1),45.46884 N,63.09440 W,DF,Penta,10.6,,1.858,0.522,
92 (2),45.46884 N,63.09440 W,DF,Penta,10.5,,1.743,0.49,
93 (1),45.46765 N,63.09223 W,DF,Penta,6.2,,0.193,0.054,
93 (2),45.46765 N,63.09223 W,DF,Penta,6.8,,0.335,0.094,
94 (1),45.46842 N,63.09007 W,DF,Penta,6.2,,0.999,0.281,
94 (2),45.46842 N,63.09007 W,DF,Penta,6.8,,0.009,0.003,
95 (1),45.46937 N,63.08779 W,DF,Penta,9.5,,0.057,0.016,
95 (2),45.46937 N,63.08779 W,DF,Penta,8.6,,0.018,0.005,
96 (1),45.47016 N,63.08512 W,RP ,Penta,8.3,,,0,
96 (2),45.47016 N,63.08512 W,RP ,Penta,10.7,,,0,
97 (1),45.47081 N,63.08301 W,RP ,Penta,9.5,,0.946,0.345,
97 (2),45.47081 N,63.08301 W,RP ,Penta,8.2,,0.337,0.123,
98 (1),45.47165 N,63.08068 W,DF,Penta,10.6,,1.719,0.725,
98 (2),45.47165 N,63.08068 W,DF,Penta,9.6,,1.789,0.754,
99 (1),45.47260 N,63.07817 W,DF,Penta,9.3,,0.161,0.068,
99 (2),45.47260 N,63.07817 W,DF,Penta,8.3,,0.221,0.093,
100 (1),45.47319 N,63.07644 W,DF,Penta,8,,0.239,0.101,
100 (2),45.47319 N,63.07644 W,DF,Penta,8.5,,0.874,0.368,
101 (1),45.47407 N,63.07398 W,YP,Penta,8.2,,0.109,0.055,
101 (2),45.47407 N,63.07398 W,YP,Penta,8.6,,1.17,0.591,
102 (1),45.47494 N,63.07143 W,RP ,Penta,13.4,,,0,
102 (2),45.47494 N,63.07143 W,RP ,Penta,8.7,,,0,
103 (1),45.47568 N,63.06934 W,RP ,Penta,9.5,,0.364,0.133,
103 (2),45.47568 N,63.06934 W,RP ,Penta,8.7,,0.618,0.225,
104 (1),45.47626 N,63.06784 W,RP ,Penta,10.9,,0.7,0.255,
104 (2),45.47626 N,63.06784 W,RP ,Penta,11.4,,0.901,0.328,
105 (1),45.47715 N,63.06511 W,RP ,Penta,9.4,,,0,
105 (2),45.47715 N,63.06511 W,RP ,Penta,8.6,,,0,
106 (1),45.47815 N,63.06244 W,RP,Penta,8.2,,0.489,0.178,
106 (2),45.47815 N,63.06244 W,RP ,Penta,8.1,,0.17,0.062,
107 (1),45.47886 N,63.06040 W,YP,Penta,8.2,,0.717,1.076,
107 (2),45.47886 N,63.06040 W,YP,Penta,8.1,,0.428,0.216,
108 (1),45.47945 N,63.05866 W,YP,Penta,8.1,,0.426,0.215,
108 (2),45.47945 N,63.05866 W,YP,Penta,8.2,,0.272,0.138,
109 (1),45.48013 N,63.05672 W,YP,Penta,10.8,,,0,
109 (2),45.48013 N,63.05672 W,YP,Penta,8.2,,,0,
110 (1),45.48084 N,63.05457 W,DF,Penta,9.1,,1.877,0.791,
110 (2),45.48084 N,63.05457 W,DF,Penta,10.1,,1.036,0.437,
111 (1),45.48187 N,63.05201 W,DF,Penta,11.9,,0.563,0.237,
111 (2),45.48187 N,63.05201 W,DF,Penta,8.2,,0.293,0.124,
112 (1),45.48243 N,63.05053 W,YP,Penta,12.6,,,0,
112 (2),45.48243 N,63.05053 W,YP,Penta,11.8,,,0,
113 (1),45.48332 N,63.04818 W,YP,Penta,N/A,,,0,
113 (2),45.48332 N,63.04818 W,YP,Penta,N/A,,,0,
114 (1),45.48442 N,63.04479 W,DF,Penta,8,,0.113,0.048,
114 (2),45.48442 N,63.04479 W,DF ,Penta,8.1,,0.271,0.114,
115 (1),45.48505 N,63.04305 W,DF ,Penta,8.5,,,0,
115 (2),45.48505 N,63.04305 W,DF ,Penta,13.1,,0.635,0.268,
116 (1),45.48571 N,63.04143W,RP ,Penta,8.5,,,0,
116 (2),45.48571 N,63.04143W,RP ,Penta,8.1,,,0,
117 (1),45.48648 N,63.03936 W,RP ,Penta,29,,,0,
117 (2),45.48648 N,63.03936 W,RP ,Penta,11.3,,,0,
118 (1),45.48716 N,63.03732 W,RP ,Penta,27.2,,,0,
118 (2),45.48716 N,63.03732 W,RP ,Penta,10.2,,,0,
119 (1),45.48849 N,63.03375 W,RP ,Penta,10.2,,,0,
119 (2),45.48849 N,63.03375 W,RP ,Penta,9.1,,,0,
120 (1),45.48918 N,63.03194 W,YP,Penta,15.2,,1.008,0.51,
120 (2),45.48918 N,63.03194 W,YP,Penta,10.8,,0.413,0.209,
121 (1),45.48974 N,63.03039 W,RP ,Penta,8.2,,,0,
121 (2),45.48974 N,63.03039 W,RP ,Penta,8.2,,,0,
122 (1),45.49039 N,63.02859 W,RP ,Penta,13.3,,0.406,0.148,
122 (2),45.49039 N,63.02859 W,RP ,Penta,11.7,,,0,
123 (1),45.49168 N,63.02499 W,RP ,Penta,13.6,,,0,
123 (2),45.49168 N,63.02499 W,RP ,Penta,14.8,,,0,
124 (1),45.49251 N,63.02248 W,DF,Penta,14.4,,1.173,1.759,
124 (2),45.49251 N,63.02248 W,DF,Penta,10.6,,1.378,2.066,
125 (1),45.40406,-63.23761,RP ,Penta,8.3,,,0,
125 (2),45.40406,-63.23761,RP ,Penta,11.4,,,0,
126 (1),45.50169,-64.03531,RP ,Penta,11.5,,0.885,0.323,
126 (2),45.50169,-64.03531,RP ,Penta,10.1,,0.918,0.335,
127 (1),45.50369,-64.12419,RP ,Penta,13.7,,,0,
127 (2),45.50369,-64.12419,RP ,Penta,15.3,,,0,
128 (1),45.42175,-63.0205,RP ,Penta,13.2,,,0,
128 (2),45.42175,-63.0205,RP ,Penta,14.2,,,0,
129 (1),45.50636,-63.01703,DF ,Penta,12.8,,1.86,2.79,
129 (2),45.50636,-63.01703,DF ,Penta,11.7,,1.854,2.782,
130 (1),45.50744,-63.01392,RP ,Penta,11.3,,,0,
130 (2),45.50744,-63.01392,RP ,Penta,9.9,,,0,
131 (1),45.50883,-63.01078,RP ,Penta,15.8,,,0,
131 (2),45.50883,-63.01078,RP ,Penta,11.2,,,0,
132 (1),45.50983,-63.00753,RP ,Penta,14.8,,,0,
132 (2),45.50983,-63.00753,RP ,Penta,8.1,,,0,
133 (1),45.51089,-63.00467,RP ,Penta,10.1,,0.937,0.342,
133 (2),45.51089,-63.00467,RP ,Penta,6.8,,1.136,0.414,
134 (1),45.50089,-63.00169,RP ,Penta,7.1,,,0,
134 (2),45.50089,-63.00169,RP ,Penta,7,,,0,
135 (1),45.50256,-64.00814,RP ,Penta,7.6,,,0,
135 (2),45.50256,-64.00814,RP ,Penta,8.1,,,0,
136 (1),45.50381,-64.00475,RP ,Penta,7.6,,,0,
136 (2),45.50381,-64.00475,RP ,Penta,9.1,,,0,
137 (1),45.50519,-64.00094,RP ,Penta,7,,0.929,0.469,
137 (2),45.50519,-64.00094,RP ,Penta,6.2,,0.736,0.372,
138 (1),45.50622,-63.66494,RP ,Penta,7.5,,,0,
138 (2),45.50622,-63.66494,RP ,Penta,6.8,,,0,
139 (1),45.50792,-63.99375,DF ,Penta,7.6,,0.886,0.373,
139 (2),45.50792,-63.99375,DF ,Penta,6.8,,1.882,0.793,
140 (1),45.50939,-63.98958,RP ,Penta,11.2,,,0,
140 (2),45.50939,-63.98958,RP ,Penta,10.8,,0.879,0.444,
141 (1),45.51089,-64.00211,RP ,Penta,6.5,,,0,
141 (2),45.51089,-64.00211,RP ,Penta,7.3,,,0,
142 (1),45.51203,-63.99358,RP ,Penta,7.2,,0.619,0.313,
142 (2),45.51203,-63.99358,RP ,Penta,6.1,,0.415,0.21,
143 (1),45.51333,-63.98983,RP ,Penta,6,,,0,
143 (2),45.51333,-63.98983,RP ,Penta,6.2,,,0,
144 (1),45.51486,-62.98575,RP ,Penta,5.8,,,0,
144 (2),45.51486,-62.98575,RP ,Penta,6.3,,,0,
145 (1),45.51708,-62.97969,DF ,Penta,6.5,,0.778,0.328,
145 (2),45.51708,-62.97969,DF ,Penta,6.9,,0.319,0.134,
146 (1),45.51611,-62.97469,RP ,Penta,10.3,,,0,
146 (2),45.51611,-62.97469,RP ,Penta,10.7,,,0,
147 (1),45.51992,-62.97183,RP ,Penta,14.1,,,0,
147 (2),45.51992,-62.97183,RP ,Penta,11.2,,,0,
148 (1),45.52114,-62.96856,RP ,Penta,13.7,,0.845,0.427,
148 (2),45.52114,-62.96856,RP ,Penta,11.2,,0.35,0.177,
149 (1),45.52414,-62.97636,RP ,Penta,11.1,,,0,
149 (2),45.52414,-62.97636,RP ,Penta,10.2,,,0,
150 (1),45.51421 N,62.96398 W,DF ,Penta,16.2,,1.683,0.71,
150 (2),45.51421 N,62.96398 W,DF ,Penta,14.8,,1.477,0.623,
151 (1),45.51505 N,62.96186 W,RP,Penta,13.9,,,0,
151 (2),45.51505 N,62.96186 W,RP ,Penta,16.4,,,0,
152 (1),45.51592 N,62.95968 W,DF ,Penta,15.3,,1.601,0.675,
152 (2),45.51592 N,62.95968 W,DF ,Penta,14.2,,1.619,0.682,
153 (1),45.51669 N,62.95767 W,RP ,Penta,10.7,,,0,
153 (2),45.51669 N,62.95767 W,RP ,Penta,11.5,,,0,
154 (1),45.51771 N,62.95507 W,RP,Penta,14.6,,0.753,0.274,
154 (2),45.51771 N,62.95507 W,RP ,Penta,10.5,,0.974,0.355,
155 (1),45.51943 N,62.95320 W,RP ,Penta,12.4,,,0,
155 (2),45.51943 N,62.95320 W,RP ,Penta,13.1,,,0,
156 (1),45.51943 N,62.95088 W,DF ,Penta,17.1,,1.525,0.643,
156 (2),45.51943 N,62.95088 W,DF ,Penta,8.6,,1.691,0.713,
157 (1),45.52301 N,62.94880 W,YP,Penta,6.3,,,0,
157 (2),45.52301 N,62.94880 W,YP,Penta,6,,,0,
158 (1),45.52092 N,62.94699 W,YP,Penta,12.7,,0.885,0.447,
158 (2),45.52092 N,62.94699 W,YP,Penta,11.1,,0.837,0.423,
159 (1),45.52157 N,62.94513 W,DF ,Penta,10.7,,0.731,0.308,
159 (2),45.52157 N,62.94513 W,DF ,Penta,13.3,,2.018,0.851,
160 (1),45.52282 N,62.94214 W,DF ,Penta,9.9,,1.071,0.451,
160 (2),45.52282 N,62.94214 W,DF ,Penta,9.7,,0.71,0.299,
161 (1),45.52374 N,62.93983 W,RP ,Penta,13.4,,0.222,0.081,
161 (2),45.52374 N,62.93983 W,RP ,Penta,8.8,,,0,
162 (1),45.52485 N,62.93670 W,DF ,Penta,9,,0.697,0.294,
162 (2),45.52485 N,62.93670 W,DF ,Penta,8.7,,0.9,0.379,
163 (1),45.52603 N,62.93399 W,RP ,Penta,9.6,,,0,
163 (2),45.52603 N,62.93399 W,RP ,Penta,8.5,,,0,
164 (1),45.52652 N,62.93247 W,YP,Penta,12.2,,0.702,0.355,
164 (2),45.52652 N,62.93247 W,YP,Penta,10.1,,0.981,0.496,
164 (3),45.52652 N,62.93247 W,YP,Penta,9.2,,1.288,0.651,
165 (1),45.52723 N,62.93115 W,RP ,Penta,11.9,,,0,
165 (2),45.52723 N,62.93115 W,RP ,Penta,10.4,,,0,
166 (1),45.52814 N,62.92022 W,DF ,Penta,9,,0.38,0.16,
166 (2),45.52814 N,62.92022 W,DF ,Penta,8.2,,0.485,0.204,
167 (1),45.52917 N,62.92695 W,DF ,Penta,8.3,,0.541,0.228,
167 (2),45.52917 N,62.92695 W,DF ,Penta,8.2,,0.464,0.196,
168 (1),45.53147 N,62. 92443 W,DF ,Penta,12.7,,0.87,0.367,
168 (2),45.53147 N,62. 92443 W,DF ,Penta,8.3,,1.1,0.464,
169 (1),45.53147 N,62.92194 W,DF ,Penta,10.9,,1.136,0.479,
169 (2),45.53147 N,62.92194 W,DF ,Penta,8.3,,0.408,0.172,
170 (1),45.53304 N,62.91850 W,RD,Penta,9.2,,1.664,0.701,
170 (2),45.53304 N,62.91850 W,RD,Penta,8.7,,1.739,0.733,
171 (1),45.53414 N,62.91596 W,RD,Penta,10.9,,,0,
171 (2),45.53414 N,62.91596 W,RD,Penta,10.1,,,0,
172 (1),45.53512 N,62.91399 W,DF ,Penta,10.3,,1.127,0.475,
172 (2),45.53512 N,62.91399 W,DF ,Penta,8.1,,1.086,0.458,
173 (1),45.53607 N,62.91192 W,RP ,Penta,9.4,,0.52,0.263,
173 (2),45.53607 N,62.91192 W,RP ,Penta,8.1,,0.29,0.147,
174 (1),45.53713 N,62.90982 W,RP ,Penta,10.3,,0.447,0.163,
174 (2),45.53713 N,62.90982 W,RP ,Penta,10.6,,0.642,0.234,
175 (1),45.53805 N,62.90752 W,RP ,Penta,8.3,,,0,
175 (2),45.53805 N,62.90752 W,RP ,Penta,8.1,,,0,
176 (1),45.53910 N,62.90530 W,RP ,Penta,8.12,,,0,
176 (2),45.53910 N,62.90530 W,RP ,Penta,9.7,,,0,
177 (1),45.54002 N,62.90325 W,DF ,Penta,8.1,,1.283,0.541,
177 (2),45.54002 N,62.90325 W,DF ,Penta,14.7,,1.697,0.715,
177 (3),45.54002 N,62.90325 W,DF ,Penta,13.5,,2.05,0.864,
178 (1),45.54086 N,62.90058 W,DF ,Penta,8.3,,0.746,0.314,
178 (2),45.54086 N,62.90058 W,DF ,Penta,8.1,,1.283,0.541,
179 (1),45.54164 N,62.89819 W,RP ,Penta,12.7,,,0,
179 (2),45.54164 N,62.89819 W,RP ,Penta,9.9,,,0,
180 (1),45.54235 N,62.89573 W,RP ,Penta,13.1,,0.299,0.151,
180 (2),45.54235 N,62.89573 W,RP ,Penta,9.6,,0.832,0.303,
181 (1),45.54329 N,62.89289 W,DF ,Penta,6.1,,0.638,0.269,
181 (2),45.54329 N,62.89289 W,DF ,Penta,8.2,,1.607,0.677,
182 (1),45.54392 N,62.89079 W,RP ,Penta,9.9,,0.623,0.227,
182 (2),45.54392 N,62.89079 W,RP ,Penta,6.2,,0.237,0.086,
183 (1),45.54449 N,62.88901 W,YP,Penta,9.2,,1.241,0.628,
183 (2),45.54449 N,62.88901 W,YP,Penta,6.3,,0.914,0.462,
184 (1),45.54575 N,62.88656 W,DF ,Penta,7.8,,1.695,0.714,
184 (2),45.54575 N,62.88656 W,DF ,Penta,7.6,,0.821,0.346,
185 (1),45.54611 N,62.88372 W,DF ,Penta,6.6,,,0,
185 (2),45.54611 N,62.88372 W,DF ,Penta,6.4,,,0,
186 (1),45.54681 N,62.88154 W,DF ,Penta,6.6,,0.558,0.235,
186 (2),45.54681 N,62.88154 W,DF ,Penta,6.3,,1.765,0.744,
187 (1),45.54776 N,62.87878 W,RP ,Penta,6.2,,,0,
187 (2),45.54776 N,62.87878 W,RP ,Penta,6.3,,,0,
188 (1),45.54806 N,62.87742 W,DF ,Penta,7.3,,1.929,0.813,
188 (2),45.54806 N,62.87742 W,DF ,Penta,6.2,,1.012,0.427,
189 (1),45.54923 N,62.87395 W,DF ,Penta,7.9,,1.481,0.624,
189 (2),45.54923 N,62.87395 W,DF ,Penta,6.2,,0.984,0.415,
190 (1),45.54967 N,62.87231 W,P ,Penta,11.8,,,0,
190 (2),45.54967 N,62.87231 W,P ,Penta,9.5,,,0,
191 (1),45.55026 N,62.87053 W,P ,Penta,6.5,,,0,
191 (2),45.55026 N,62.87053 W,P ,Penta,8.5,,,0,
192 (1),45.55087 N,62.86869 W,DF ,Penta,6.3,,1.493,0.629,
192 (2),45.55087 N,62.86869 W,DF ,Penta,7.4,,1.226,0.517,
193 (1),45.55165 N,62.86635 W,P ,Penta,12,,,0,
193 (2),45.55165 N,62.86635 W,P ,Penta,6.5,,,0,
194 (1),45.55250 N,62.86338 W,P ,Penta,8.9,,,0,
194 (2),45.55250 N,62.86338 W,P,Penta,6,,,0,
195 (1),45.55331 N,62.86338 W,DF ,Penta,6.2,,0.481,0.203,
195 (2),45.55331 N,62.86338 W,DF ,Penta,6.4,,1.005,0.424,
196 (1),45.55388 N,62.85877 W,DF ,Penta,7.1,,1.12,0.472,
196 (2),45.55388 N,62.85877 W,DF ,Penta,6.5,,0.531,0.224,
197 (1),45.55459 N,62.85692 W,P ,Penta,6,,0.777,0.328,
197 (2),45.55459 N,62.85692 W,P ,Penta,6.7,,,0,
198 (1),45.55569 N,62.85310 W,P ,Penta,9.1,,0.743,0.313,
198 (2),45.55569 N,62.85310 W,P ,Penta,9.3,,0.291,0.122,
199 (1),45.55630 N,62.85044 W,P ,Penta,8.7,,,0,
199 (2),45.55630 N,62.85044 W,P ,Penta,6.7,,,0,
200 (1),45.55725 N,62.84851 W,P ,Penta,6.8,,,0,
200 (2),45.55725 N,62.84851 W,P ,Penta,6.2,,,0,
201 (1),45.55791 N,62.84606 W,P ,Penta,6.3,,0.91,0.46,
201 (2),45.55791 N,62.84606 W,P ,Penta,6.2,,0.561,0.283,
202 (1),45.55861 N,62.84369 W,P ,Penta,6.9,,,0,
202 (2),45.55861 N,62.84369 W,P ,Penta,8.3,,,0,
203 (1),45.595 N,62.84076 W,DF ,Penta,7,,0.751,0.317,
203 (2),45.595 N,62.84076 W,DF ,Penta,6.8,,1.102,0.465,
204 (1),45.56040 N,62.83793 W,RP,Penta,7.8,,0.815,0.297,
204 (2),45.56040 N,62.83793 W,RP,Penta,7.3,,0.823,0.3,
205 (1),45.56162 N,62.83401 W,DF ,Penta,6.4,,0.082,0.035,
205 (2),45.56162 N,62.83401 W,DF ,Penta,6.2,,0.427,0.18,
206 (1),45.56267 N,62.83025 W,RP,Penta,8.6,,0.817,0.298,
206 (2),45.56267 N,62.83025 W,RP,Penta,7.2,,0.914,0.333,
207 (1),45.56338 N,62.82824 W,P ,Penta,6.1,,,0,
207 (2),45.56338 N,62.82824 W,P ,Penta,6,,,0,
208 (1),45.56392 N,62.82678 W,P ,Penta,6.9,,,0,
208 (2),45.56392 N,62.82678 W,P ,Penta,7.1,,,0,
209 (1),45.56456 N,62.82445 W,DF ,Penta,8.9,,1.676,0.707,
209 (2),45.56456 N,62.82445 W,DF ,Penta,6.2,,0.543,0.229,
210 (1),45.56564 N,62.82108 W,DF ,Penta,6.1,,0.286,0.12,
210 (2),45.56564 N,62.82108 W,DF ,Penta,6.3,,0.395,0.166,
211 (1),45.56611 N,62.81921 W,P ,Penta,8.6,,,0,
211 (2),45.56611 N,62.81921 W,P ,Penta,6.4,,,0,
212 (1),45.56679 N,62.81739 W,YP,Penta,6.1,,1.164,0.588,
212 (2),45.56679 N,62.81739 W,YP,Penta,6.6,,0.471,0.238,
213 (1),45.56730 N,62.81578 W,P ,Penta,7.9,,,0,
213 (2),45.56730 N,62.81578 W,P ,Penta,12.1,,0.705,0.257,
214 (1),45.56791 N,62.81373 W,P ,Penta,6.5,,0.635,0.321,
214 (2),45.56791 N,62.81373 W,P ,Penta,7.7,,1.287,0.65,
215 (1),45.56830 N,62.81214 W,P ,Penta,7.4,,,0,
215 (2),45.56830 N,62.81214 W,P ,Penta,8.1,,,0,
215 (3),45.56830 N,62.81214 W,P ,Penta,6.2,,,0,
216 (1),45.57006 N,62.80673 W,DF ,Penta,7.5,,0.038,0.016,
216 (2),45.57006 N,62.80673 W,DF ,Penta,6.6,,0.576,0.243,
216 (3),45.57006 N,62.80673 W,DF ,Penta,5.9,,0.204,0.086,
217 (1),45.57049 N,62.80534 W,DF ,Penta,7.5,,0.262,0.111,
217 (2),45.57049 N,62.80534 W,DF ,Penta,7.1,,0.475,0.2,
217 (3),45.57049 N,62.80534 W,DF ,Penta,7.3,,0.181,0.076,
218 (1),45.57122 N,62.80344 W,RP,Penta,13.3,,,0,
218 (2),45.57122 N,62.80344 W,RP,Penta,10.1,,,0,
219 (1),45.57172 N,62.80151 W,P ,Penta,8.7,,,0,
219 (2),45.57172 N,62.80151 W,P ,Penta,6.8,,,0,
220 (1),45.57291 N,62.80000 W,P ,Penta,9,,,0,
220 (2),45.57291 N,62.80000 W,P ,Penta,7,,,0,
221 (1),45.57291 N,62.7977 W,P ,Penta,10.9,,,0,
221 (2),45.57291 N,62.7977 W,P ,Penta,8.5,,,0,
222 (1),45.57384 N,62.79469 W,P ,Penta,11.9,,0.505,0.255,
222 (2),45.57384 N,62.79469 W,P ,Penta,7.9,,0.801,0.405,
223 (1),45.57471 N,62.79193 W,P ,Penta,10.1,,0.811,0.41,
223 (2),45.57471 N,62.79193 W,P ,Penta,6.8,,0.858,0.434,
224 (1),45.57530 N,62.79005 W,RP,Penta,6.2,,,0,
224 (2),45.57530 N,62.79005 W,RP,Penta,6.4,,,0,
225 (1),45.57583 N,62.78830 W,P ,Penta,6.7,,,0,
225 (2),45.57583 N,62.78830 W,P ,Penta,6.2,,,0,
226 (1),45.57627 N,62.78672 W,P ,Penta,9.6,,,0,
226 (2),45.57627 N,62.78672 W,P ,Penta,9.4,,,0,
226 (3),45.57627 N,62.78672 W,P ,Penta,9.2,,,0,
227 (1),45.57702 N,62.78476 W,DF ,Penta,9.5,,1.638,0.69,
227 (2),45.57702 N,62.78476 W,DF ,Penta,6.3,,0.253,0.107,
228 (1),45.57794 N,62.78219 W,P ,Penta,7.7,,,0,
228 (2),45.57794 N,62.78219 W,P ,Penta,6.5,,,0,
229 (1),45.57885 N,62.77739 W,DF ,Penta,7.5,,1.656,0.698,
229 (2),45.57885 N,62.77739 W,DF ,Penta,8.5,,0.703,0.296,
230 (1),45.57959 N,62.77739 W,DF ,Penta,10.7,,1.575,0.664,
230 (2),45.57959 N,62.77739 W,DF ,Penta,6.7,,0.445,0.187,
231 (1),45.58051 N,62.77499 W,P ,Penta,7.9,,,0,
231 (2),45.58051 N,62.77499 W,P ,Penta,6.5,,,0,
232 (1),45.58134 N,62.77261 W,DF ,Penta,6.2,,0.275,0.116,
232 (2),45.58134 N,62.77261 W,DF ,Penta,6,,0.384,0.162,
233 (1),45.58212 N,62.77035 W,DF ,Penta,15.5,,1.82,0.767,
233 (2),45.58212 N,62.77035 W,DF ,Penta,11.1,,1.023,0.431,
234 (1),45.58294 N,62.76796 W,P ,Penta,10.2,,,0,
234 (2),45.58294 N,62.76796 W,P ,Penta,10.1,,,0,
235 (1),45.58374 N,62.76577 W,P ,Penta,6.1,,,0,
235 (2),45.58374 N,62.76577 W,P ,Penta,6.3,,,0,
236 (1),45.58435 N,62.76396 W,P ,Penta,9.1,,,0,
236 (2),45.58435 N,62.76396 W,P ,Penta,9.3,,,0,
237 (1),45.58498 N,62.76216 W,DF ,Penta,7.1,,0.157,0.066,
237 (2),45.58498 N,62.76216 W,DF ,Penta,8.3,,0.169,0.071,
238 (1),45.58586 N,62.75967 W,P ,Penta,9.1,,,0,
238 (2),45.58586 N,62.75967 W,P ,Penta,9.4,,,0,
239 (1),45.58653 N,62.75794 W,DF ,Penta,9.5,,1.462,0.616,
239 (2),45.58653 N,62.75794 W,DF ,Penta,9.3,,2.357,0.994,
240 (1),45.58764 N,62.75485 W,P ,Penta,13.4,,0.76,0.277,
240 (2),45.58764 N,62.75485 W,P ,Penta,12.8,,0.996,0.363,
241 (1),45.58819 N,62.75301 W,P ,Penta,9.6,,,0,
241 (2),45.58819 N,62.75301 W,P ,Penta,10.2,,,0,
241 (3),45.58819 N,62.75301 W,DF ,Penta,11.1,,1.183,0.431,
242 (1),45.59050 N,62.74657 W,DF ,Penta,14.3,,1.403,0.592,
242 (2),45.59050 N,62.74657 W,DF ,Penta,13.7,,2.286,0.964,
242 (3),45.59050 N,62.74657 W,DF ,Penta,13.4,,0.737,0.311,
243 (1),45.59104 N,62.74487 W,DF ,Penta,9.5,,0.42,0.177,
243 (2),45.59104 N,62.74487 W,DF ,Penta,9,,1.042,0.439,
244 (1),45.59207 N,62.74245 W,DF ,Penta,9.1,,1.435,0.605,
244 (2),45.59207 N,62.74245 W,DF ,Penta,8.7,,0.715,0.301,
245 (1),45.59271 N,62.74050 W,WRC,Penta,16.7,LEFT UN-ANALYSED,,0,
245 (2),45.59271 N,62.74050 W,WRC,Penta,14.9,LEFT UN-ANALYSED,,0,
246 (1),45.59376 N,62.73766 W,YP,Penta,12.8,,1.325,0.67,
246 (2),45.59376 N,62.73766 W,YP,Penta,9.9,,0.185,0.094,
247 (1),45.59468 N,62.73484 W,P ,Penta,9.6,,,0,
247 (2),45.59468 N,62.73484 W,P ,Penta,13.3,,,0,
248 (1),45.59555 N,62.73230 W,DF ,Penta,16.9,,1.4,0.59,
248 (2),45.59555 N,62.73230 W,DF ,Penta,11.2,,2.132,0.899,
249 (1),45.59645 N,62.72969 W,P ,Penta,12.1,,,0,
249 (2),45.59645 N,62.72969 W,P ,Penta,16.2,,,0,
250 (1),45.59717 N,62.72782 W,DF,Penta,12.6,,2.019,0.851,
250 (2),45.59717 N,62.72782 W,DF ,Penta,9.2,,1.523,0.642,
251 (1),45.59993 N,62.71638 W,P ,Penta,6.4,,,0,
251 (2),45.59993 N,62.71638 W,P ,Penta,6.8,,,0,
252 (1),45.59873 N,62.72315 W,P ,Penta,8.7,,,0,
252 (2),45.59873 N,62.72315 W,Cedar,Penta,10.9,LEFT UN-ANALYSED,,0,
253 (1),45.59935 N,62.72136 W,YP,Penta,6.5,,,0,
253 (2),45.59935 N,62.72136 W,YP,Penta,7.1,,,0,
254 (1),45.60017 N,62.71898 W,YP,Penta,12.6,,1.093,0.368,
254 (2),45.60017 N,62.71898 W,YP,Penta,8.8,,0.604,0.203,
255 (1),45.60100 N,62.71673 W,YP,Penta,11.1,,,0,
255 (2),45.60100 N,62.71673 W,YP,Penta,7.1,,,0,
256 (1),45.60187 N,62.71425 W,WRC,Penta,14.1,,,-0.012,Pre-Test (Low Range)
256 (2),45.60187 N,62.71425 W,WRC,Penta,8.3,,,-0.013,Pre-Test (Low Range)
257 (1),45.60278 N,62.71161 W,WRC,Penta,16.3,,0.692,0.159,
257 (2),45.60278 N,62.71161 W,WRC,Penta,12.2,,0.464,0.107,
258 (1),45.60353 N,62.70970 W,P ,Penta,12.1,Appeared to be treated with Creo,,-0.005,Pre-Test (Low Range)
258 (2),45.60353 N,62.70970 W,P ,Penta,,Appeared to be treated with Creo,,0.001,Pre-Test (Low Range)
259 (1),45.60421 N,62.70756 W,DF ,Penta,9.9,,0.945,0.266,
259 (2),45.60421 N,62.70756 W,RP,Penta,13.2,,0.924,0.26,
260 (1),45.60496 N,62.70545 W,RP,Penta,8.6,,1.516,0.368,
260 (2),45.60496 N,62.70545 W,RP,Penta,10.6,,0.646,0.157,
261 (1),45.60586 N,62.70291 W,DF ,Penta,11.3,,0.521,0.146,
261 (2),45.60586 N,62.70291 W,DF ,Penta,10.8,,1.413,0.397,
262 (1),45.60671 N,62.70065 W,DF ,Penta,8.2,,0.111,0.031,
262 (2),45.60671 N,62.70065 W,DF ,Penta,8.3,,0.64,0.18,
262 (3),45.60671 N,62.70065 W,DF ,Penta,9.6,,0.193,0.054,
263 (1),45.61408 N,62.67668 W,RP,Penta,10.9,Appeared to be treated with Creo,,0.001,Pre-Test (Low Range)
263 (2),45.61408 N,62.67668 W,RP,Penta,10.4,Appeared to be treated with Creo,,-0.002,Pre-Test (Low Range)
264 (1),45.60756 N,62.69669 W,YP,CCA,12.7,,,0,
264 (2),45.60756 N,62.69669 W,YP,CCA,10.2,,,0,
265 (1),45.60821 N,62.69402 W,RP,Penta,13.5,,0.789,0.192,
265 (2),45.60821 N,62.69402 W,RP,Penta,10.5,,0.293,0.071,
266 (1),45.60877 N,62.69163 W,RP,Penta,12.2,,0.257,0.063,
266 (2),45.60877 N,62.69163 W,RP,Penta,10.8,,0.964,0.234,
267 (1),45.60935 N,62.68931 W,DF ,Penta,12.5,,0.81,0.228,
267 (2),45.60935 N,62.68931 W,DF ,Penta,13.6,,2.385,0.67,
268 (1),45.61031 N,62.68514 W,DF ,Penta,12.1,,1.057,0.297,
268 (2),45.61031 N,62.68514 W,DF ,Penta,10.8,,0.822,0.231,
269 (1),45.61096 N,62.86246 W,P ,Penta,10.2,Appeared to be treated with Creo,,0.017,Pre-Test (Low Range)
269 (2),45.61096 N,62.86246 W,P ,Penta,9.7,Appeared to be treated with Creo,,0.01,Pre-Test (Low Range)
270 (1),45.61151 N,62.67731 W,DF ,Penta,8.7,,1.69,0.475,
270 (2),45.61151 N,62.67731 W,DF ,Penta,11.1,,0.974,0.274,
271 (1),45.61278 N,62.67731 W,DF ,Penta,9.2,,1.125,0.316,
271 (2),45.61278 N,62.67731 W,DF ,Penta,7.3,,2.34,0.658,
272 (1),45.61270 N,62.67498 W,RP,Penta,17.5,,1.251,0.304,
272 (2),45.61270 N,62.67498 W,RP,Penta,17.6,,0.641,0.156,
272 (3),45.61270 N,62.67498 W,RP,Penta,14.3,,0.628,0.153,
273 (1),45.61386 N,62.67270 W,SYP,CCA,13.3,,,0,
273 (2),45.61386 N,62.67270 W,SYP,CCA,8.9,,,0,
274 (1),45.61490 N,62.67077 W,RP,Creo?,11.2,Appeared to be treated with Creo,,-0.005,Pre-Test (Low Range)
274 (2),45.61490 N,62.67077 W,RP,Creo?,8.9,Appeared to be treated with Creo,,-0.008,Pre-Test (Low Range)
275 (1),45.61578 N,62.66880 W,RP,Creo?,8.4,Appeared to be treated with Creo,,-0.004,Pre-Test (Low Range)
275 (2),45.61578 N,62.66880 W,RP,Creo?,10.1,Appeared to be treated with Creo,,-0.007,Pre-Test (Low Range)
276 (1),45.61676 N,62.66705 W,RP,Creo?,17.3,Appeared to be treated with Creo,,-0.005,Pre-Test (Low Range)
276 (2),45.61676 N,62.66705 W,RP,Creo?,10.8,Appeared to be treated with Creo,,-0.007,Pre-Test (Low Range)
277 (1),45.61763 N,62.66497 W,WRC?,?,8.9,,,-0.002,Pre-Test (Low Range)
277 (2),45.61763 N,62.66497 W,SYP,CCA,10.2,,,0,
278 (1),45.61683 N,62.66300 W,DF,Penta,16.1,,0.861,0.242,
278 (2),45.61683 N,62.66300 W,DF,Penta,15.2,,1.082,0.304,
278 (3),45.61683 N,62.66300 W,DF,?,15.9,Could not be located,,0,
279 (1),45.61935 N,62.66060 W,DF,Penta,14.6,,0.887,0.249,
279 (2),45.61935 N,62.66060 W,DF,Penta,14,,0.629,0.177,
280 (1),45.62003 N,62.65860 W,P ,Creo,13.8, Treated with Creo,0.028,0,Pre-Test (Low Range)
280 (2),45.62003 N,62.65860 W,P ,Creo,13.4, Treated with Creo,-0.07,0,Pre-Test (Low Range)
281 (1),45.62082 N,62.65588 W,DF,Penta,17.2,,1.322,0.371,
281 (2),45.62082 N,62.65588 W,DF,Penta,15,,1.746,0.491,
282 (1),45.62151 N,62.65372 W,RP,Penta,16.2,,1.321,0.321,
282 (2),45.62151 N,62.65372 W,DF,Penta,12.9,,0.914,0.257,
283 (1),45.62240 N,62.65103 W,WRC?,?,27.9,,,0.004,Pre-Test (Low Range)
283 (2),45.62240 N,62.65103 W,WRC?,?,22.8,,,-0.001,Pre-Test (Low Range)
283 (3),45.62240 N,62.65103 W,WRC?,?,17.8,,,-0.002,Pre-Test (Low Range)
284 (1),,,,,,MISSING (Swamp),,0,
284 (2),,,,,,MISSING (Swamp),,0,
285 (1),,,,,,MISSING (Swamp),,0,
285 (2),,,,,,MISSING (Swamp),,0,
286 (1),,,,,,MISSING (Swamp),,0,
286 (2),,,,,,MISSING (Swamp),,0,
287 (1),,,,,,MISSING (Swamp),,0,
287 (2),,,,,,MISSING (Swamp),,0,
288 (1),,,,,,MISSING (Swamp),,0,
288 (2),,,,,,MISSING (Swamp),,0,
289 (1),,,,,,MISSING (Swamp),,0,
289 (2),,,,,,MISSING (Swamp),,0,
290 (1),,,,,,MISSING (Swamp),,0,
290 (2),,,,,,MISSING (Swamp),,0,
291 (1),45.63012 N,62.63194 W,DF,Penta,14.2,,1.718,0.483,
291 (2),45.63012 N,62.63194 W,DF,Penta,9.1,,0.689,0.194,
292 (1),45.62920 N,62.62856 W,RP,Creo?,9.1,Appeared to be treated with Creo,,0.003,Pre-Test (Low Range)
292 (2),45.62920 N,62.62856 W,RP,Creo?,10.1,Appeared to be treated with Creo,,-0.002,Pre-Test (Low Range)
293 (1),45.62845 N,62.62608 W,RP,Penta,18.1,,0.722,0.175,
293 (2),45.62845 N,62.62608 W,RP,Penta,16.2,,0.19,0.046,
294 (1),45.62803 N,62.60469 W,RP,Creo?,9.3,Appeared to be treated with Creo,,0.017,Pre-Test (Low Range)
294 (2),45.62803 N,62.60469 W,RP,Creo?,8.4,Appeared to be treated with Creo,,0,Pre-Test (Low Range)
295 (1),45.62756 N,62.62305 W,WRC,?,18.4,,,0.009,Pre-Test (Low Range)
295 (2),45.62756 N,62.62305 W,RP,Penta,16.3,,0.581,0.141,
296 (1),45.62671 N,62.62038 W,DF,Penta,14.2,,1.515,0.426,
296 (2),45.62671 N,62.62038 W,DF,Penta,17,,2.02,0.568,
297 (1),45.62625 N,62.61885 W,SYP,Penta,13.1,,0.875,0.295,
297 (2),45.62625 N,62.61885 W,SYP,Penta,10.3,,0.627,0.211,
298 (1),45.62567 N,62.61605 W,RP,Penta,14.5,,0.466,0.113,
298 (2),45.62567 N,62.61605 W,RP,Penta,15.1,,0.404,0.098,
299 (1),45.62495 N,62.61409 W,SYP,Penta,12.1,,0.371,0.125,
299 (2),45.62495 N,62.61409 W,SYP,Penta,11.2,,0.482,0.162,
300 (1),45.62406 N,62.62261 W,SYP,?,13.9,,-0.069,0,
300 (2),45.62406 N,62.62261 W,SYP,?,26.3,,-0.096,0,
301 (1),45.62322 N,62.60798 W,SYP,Penta,13.3,,0.807,0.408,
301 (2),45.62322 N,62.60798 W,DF,Penta,11.8,,2.024,0.569,
302 (1),45.62258 N,62.60612 W,SYP,Penta,11.3,,1.021,0.344,
302 (2),45.62258 N,62.60612 W,SYP,Creo?,9.4,Appeared to be treated with Creo,,0.022,Pre-Test (Low Range)
303 (1),45.62204 N,62.60385 W,RP,Penta,17.2,,0.663,0.161,
303 (2),45.62204 N,62.60385 W,RP,Penta,9.9,,0.289,0.07,
304 (1),45.62112 N,62.60066 W,DF,Penta,8.4,,1.564,0.439,
304 (2),45.62112 N,62.60066 W,DF,Penta,13.2,,1.92,0.539,
305 (1),45.62025 N,62.59802 W,WRC?,?,14.8,,,0.009,Pre-Test (Low Range)
305 (2),45.62025 N,62.59802 W,WRC?,?,13.1,,,0.012,Pre-Test (Low Range)
306 (1),45.61921 N,62.59441 W,DF,Penta,17.2,,1.154,0.324,
306 (2),45.61921 N,62.59441 W,DF,Penta,9,,0.35,0.098,
307 (1),45.61834 N,62.59146 W,P ,?,16.2,,,0.008,Pre-Test (Low Range)
307 (2),45.61834 N,62.59146 W,P ,?,10.9,,,-0.002,Pre-Test (Low Range)
307 (3),45.61834 N,62.59146 W,P ,?,9.7,,,0.001,Pre-Test (Low Range)
308 (1),45.61770 N,62.58886 W,RP,Penta,14.2,,0.087,0.021,
308 (2),45.61770 N,62.58886 W,RP,Penta,21.9,,0.702,0.171,
309 (1),45.61709 N,62.58650 W,DF,Penta,13.1,,0.832,0.234,
309 (2),45.61709 N,62.58650 W,DF,Penta,7.3,,1.353,0.38,
310 (1),45.61652 N,62.58425 W,P ,?,11.3,,-0.048,0,
310 (2),45.61652 N,62.58425 W,P ,Penta,8.1,,0.672,0.283,
311 (1),45.61595 N,62.58213 W,P ,?,11.4,,,0.004,Pre-Test (Low Range)
311 (2),45.61595 N,62.58213 W,P ,?,12.6,,,-0.001,Pre-Test (Low Range)
312 (1),45.61508 N,62.57875 W,DF,Penta,8.3,,1.131,0.318,
312 (2),45.61508 N,62.57875 W,DF,Penta,9.7,,0.936,0.263,
312 (3),45.61508 N,62.57875 W,DF,Penta,13.1,,1.142,0.321,
313 (1),45.61463 N,62.57546 W,P ,Penta,8.7,,0.572,0.139,
313 (2),45.61463 N,62.57546 W,P,Penta,9.1,,0.458,0.111,
314 (1),45.61416 N,62.57226 W,DF,Penta,9.2,,1.581,0.444,
314 (2),45.61416 N,62.57226 W,DF,Penta,8.3,,1.801,0.506,
315 (1),45.61384 N,62.56987 W,P,Penta,6,,1.169,0.284,
315 (2),45.61384 N,62.56987 W,P,Penta,9.8,,0.053,0.018, 
316 (1),45.61352 N,62.56750 W,P,Creo?,11.7,Appeared to be treated with Creo,,-0.002,Pre-Test (Low Range)
316 (2),45.61352 N,62.56750 W,P,Creo?,8.4,Appeared to be treated with Creo,,0.006,Pre-Test (Low Range)
317 (1),45.61320 N,62.56549 W,RP,Creo?,11.3,Appeared to be treated with Creo,,-0.005,Pre-Test (Low Range)
317 (2),45.61320 N,62.56549 W,RP,Creo?,8.1,Appeared to be treated with Creo,,-0.003,Pre-Test (Low Range)
318 (1),45.61288 N,62.56286 W,DF,Penta,12.9,,0.74,0.208,
318 (2),45.61288 N,62.56286 W,P,?,11.9,,,-0.005,Pre-Test (Low Range)
319 (1),45.61229 N,62.55990 W,P,?,15.2,,,-0.001,Pre-Test (Low Range)
319 (2),45.61229 N,62.55990 W,P,?,11.9,,,0.001,Pre-Test (Low Range)
320 (1),45.61220 N,62.55847 W,P,?,21,,-0.05,0,
320 (2),45.61220 N,62.55847 W,P,?,16.1,,-0.035,0,
321 (1),45.61184 N,62.55522 W,DF,Penta,11.2,,1.664,0.467,
321 (2),45.61184 N,62.55522 W,DF,Penta,14.9,,1.305,0.367,
322 (1),45.61115 N,62.55175 W,DF,Penta,11.9,,1.133,0.318,
322 (2),45.61115 N,62.55175 W,DF,Penta,12.2,,1.601,0.45,
323 (1),45.61098 N,62.54975 W,RP,Creo?,11.2,Appeared to be treated with Creo,,-0.003,Pre-Test (Low Range)
323 (2),45.61098 N,62.54975 W,RP,Creo?,8.2,Appeared to be treated with Creo,,-0.006,Pre-Test (Low Range)
324 (1),45.61049 N,52.54807 W,RP,Creo?,7.2,Appeared to be treated with Creo,,-0.004,Pre-Test (Low Range)
324 (2),45.61049 N,52.54807 W,RP,Creo?,11.1,Appeared to be treated with Creo,,-0.007,Pre-Test (Low Range)
324 (3),45.61049 N,52.54807 W,RP,Creo?,11.9,Appeared to be treated with Creo,,-0.006,Pre-Test (Low Range)
325 (1),45.60967 N,62.54608 W,DF,Penta,9.9,,0.55,0.155,
325 (2),45.60967 N,62.54608 W,DF,Penta,6.3,,0.119,0.033,
326 (1),45.60858 N,62.54398 W,RP,Penta,11.2,,0.377,0.092,
326 (2),45.60858 N,62.54398 W,RP,Penta,11.2,,0.5,0.122,
327 (1),45.60748 N,62.54183 W,RP,Creo?,11.9,Appeared to be treated with Creo,,0.003,Pre-Test (Low Range)
327 (2),45.60748 N,62.54183 W,RP,Creo?,7.8,Appeared to be treated with Creo,,0,Pre-Test (Low Range)
328 (1),45.60659 N,62.54022 W,P,Penta,12.2,,0.263,0.064,
328 (2),45.60659 N,62.54022 W,P,Penta,15,,1.004,0.244,
329 (1),45.60634 N,62.53595 W,DF,Penta,11.2,,1.961,0.551,
329 (2),45.60634 N,62.53595 W,DF,Penta,7.9,,0.795,0.223,
330 (1),,,,,,MISSING,,,
330 (2),,,,,,MISSING,,,
331 (1),,,,,,MISSING,,,
331 (2),,,,,,MISSING,,,
332 (1),45.60111 N,62.53013 W,P,?,11.7,,-0.049,,
332 (2),45.60111 N,62.53013 W,P,?,9.1,,-0.047,,
333 (1),45.59981 N,62.52763 W,RP,Creo?,12.2,Appeared to be treated with Creo,,,
333 (2),45.59981 N,62.52763 W,RP,Creo?,9.8,Appeared to be treated with Creo,,,
333 (3),45.59981 N,62.52763 W,RP,Creo?,10,Appeared to be treated with Creo,,,
334 (1),45.59873 N,62.52513 W,DF,Penta,10.9,,1.674,0.47,
334 (2),45.59873 N,62.52513 W,DF,,8.7,,,,
335 (1),45.59816 N,62.52409 W,RP,,10.2,,,,
335 (2),45.59816 N,62.52409 W,RP,,9.7,,,,
336 (1),45.59745 N,62.52252 W,DF,,9.9,,,,
336 (2),45.59745 N,62.52252 W,DF,,9.6,,,,
336 (3),45.59745 N,62.52252 W,DF,,12.3,,,,
337 (1),45.59710 N,62.52017 W,RP,,10.9,,,,
337 (2),45.59710 N,62.52017 W,RP,,8.7,,,,
338 (1),45.59640 N,62.51635 W,P,,18.7,,,,
338 (2),45.59640 N,62.51635 W,P,,12.9,,,,
339 (1),45.59596 N,62.51399 W,P,,12.8,,,,
339 (2),45.59596 N,62.51399 W,P,,11.2,,,,
340 (1),45.59559 N,62.51040 W,DF,Penta,19.1,,1.27,0.357,
340 (2),45.59559 N,62.51040 W,DF,,18.2,,,,
340 (3),45.59559 N,62.51040 W,DF,,12,,,,
341 (1),45.59448 N,62.50552 W,P,,11,,,,
341 (2),45.59448 N,62.50552 W,P,,9.8,,,,
341 (3),45.59448 N,62.50552 W,P,,7.2,,,,
342 (1),45.59405 N,62.50493 W,RP,,12.9,,,,
342 (2),45.59405 N,62.50493 W,RP,,10.3,,,,
343 (1),45.59169N,62.50208 W,WRC,,10.9,,,,
343 (2),45.59169N,62.50208 W,WRC,,12.2,,,,
344 (1),45.59053 N,62.50081 W,SYP,,14.2,,,,
344 (2),45.59053 N,62.50081 W,SYP,,12.9,,,,
344 (3),45.59053 N,62.50081 W,SYP,,8.7,,,,
345 (1),45.58951 N,62.49914 W,WRC,,12.8,,,,
345 (2),45.58951 N,62.49914 W,WRC,,2.7,,,,
346 (1),45.58838 N,62.49721W,RP,,12.1,,,,
346 (2),45.58838 N,62.49721W,RP,,8.7,,,,
,,,,,,,,,
,,,,,,,,,
,,,,,,,,,
,,,,,,,,,
,Note: Preservative and wood species (Lab Determination),,,,,,,,
,,,,,,,,,
,,,,,,,,,
619 (1),45.57833 N,61.75133 W,DF,Penta,21.2,2.679,,1.129,
619 (2),45.57833 N,61.75133 W,DF,Penta,19.3,1.185,,0.499,
620 (1),45.57828 N,61.74914 W,RP,Penta,9.1,0.892,,0.325,
620 (2),45.57828 N,61.74914 W,RP,Penta,12.2,0.028,,0.01,
621 (1),45.57821 N,61.74602 W,DF,Penta,20.4,1.025,,0.432,
621 (2),45.57821 N,61.74602 W,DF,Penta,21.6,0.826,,0.348,
622 (1),45.57818 N,61.74218 W,DF,Penta,20.9,0.294,,0.124,
622 (2),45.57818 N,61.74218 W,DF,Penta,18.9,0.903,,0.381,
622 (3),45.57818 N,61.74218 W,DF,Penta,21.7,0.494,,0.208,
623 (1),45.57820 N,61.73819 W,SYP,Penta,21.3,0.925,,0.467,
623 (2),45.57820 N,61.73819 W,SYP,Penta,19.8,0.79,,0.399,
624 (1),45.57822 N,61.73611 W,RP,Creo,21,,,0,Pre-Test (Low Range)
624 (2),45.57822 N,61.73611 W,RP,Creo,17,,,0,Pre-Test (Low Range)
625 (1),45.57816 N,61.73319 W,RP,Creo,19.8,,,0,Pre-Test (Low Range)
625 (2),45.57816 N,61.73319 W,RP,Creo,21.2,,,0,Pre-Test (Low Range)
626 (1),45.57783 N,61.73070 W,WRC,Un-Treated,26.4,,,0,Pre-Test (Low Range)
626 (2),45.57783 N,61.73070 W,WRC,Un-Treated,24.1,,,0,Pre-Test (Low Range)
626 (3),45.57783 N,61.73070 W,WRC,Un-Treated,19.3,,,0,Pre-Test (Low Range)
627 (1),45.57796 N,61.72492 W,DF,Penta,22.1,0.591,,0.249,
627 (2),45.57796 N,61.72492 W,RP,Penta,18.6,0.493,,0.18,
627 (3),45.57796 N,61.72492 W,DF,Penta,18.1,1.832,,0.772,
628 (1),45.57787 N,61.72246 W,DF,Penta,18.1,0.886,,0.373,
628 (2),45.57787 N,61.72246 W,DF,Penta,20.1,1.933,,0.815,
628 (3),45.57787 N,61.72246 W,DF,Penta,18.3,1.149,,0.484,
629 (1),45.57777 N,61.71698 W,DF,Penta,17.9,0.622,,0.262,
629 (2),45.57777 N,61.71698 W,DF,Penta,18.1,0.181,,0.076,
629 (3),45.57777 N,61.71698 W,DF,Penta,20.6,0.801,,0.338,
630 (1),45.57776 N,61.71421 W,DF,Penta,18.9,1.296,,0.546,
630 (2),45.57776 N,61.71421 W,DF,Penta,20.1,0.596,,0.251,
631 (1),45.57772 N,61.71208 W,WRC,Penta,28.5,0.101,,0.035,
631 (2),45.57772 N,61.71208 W,WRC,Un-Treated,27.6,,,0,Pre-Test (Low Range)
632 (1),45.57765 N,61.71002 W,SYP,Penta,21.9,0.727,,0.367,
632 (2),45.57765 N,61.71002 W,SYP,Penta,19.7,1.007,,0.509,
633 (1),45.57768 N,61.70738 W,RP,Penta,28.2,0.374,,0.136,
633 (2),45.57768 N,61.70738 W,RP,Creo,24.1,,,0,Pre-Test (Low Range)
634 (1),45.57757 N,61.70435 W,DF,Penta,18.9,0.81,,0.342,
634 (2),45.57757 N,61.70435 W,DF,Penta,20.6,2.036,,0.858,
635 (1),45.57754 N,61.70005 W,RP,Penta,21,0.625,,0.263,
635 (2),45.57754 N,61.70005 W,RP,Penta,18.1,0.864,,0.364,
636 (1),45.57748 N,61.69636 W,WRC,Un-Treated,24.8,,,0,Pre-Test (Low Range)
636 (2),45.57748 N,61.69636 W,SYP,Penta,19.3,0.702,,0.355,
637 (1),45.57742 N,61.69239 W,RP,Creo,23.1,,,0,Pre-Test (Low Range)
637 (2),45.57742 N,61.69239 W,RP,Creo,22.9,,,0,Pre-Test (Low Range)
638 (1),45.57755 N,61.69054 W,WRC,Un-Treated,18.1,,,0,Pre-Test (Low Range)
638 (2),45.57755 N,61.69054 W,WRC,Un-Treated,17.9,,,0,Pre-Test (Low Range)
638 (3),45.57755 N,61.69054 W,WRC,Un-Treated,16.7,,,0,Pre-Test (Low Range)
639 (1),45.57785 N,61.68842 W,WRC,Un-Treated,18.1,,,0,Pre-Test (Low Range)
639 (2),45.57785 N,61.68842 W,WRC,Un-Treated,20.2,,,0,Pre-Test (Low Range)
640 (1),45.57854 N,61.68534 W,DF,Penta,20.1,1.146,,0.483,
640 (2),45.57854 N,61.68534 W,DF,Penta,21.2,1.121,,0.472,
641 (1),45.57944 N,61.68140 W,DF,Penta,20.9,0.984,,0.415,
641 (2),45.57944 N,61.68140 W,DF,Penta,18.9,1.258,,0.53,
642 (1),45.57988 N,61.67921 W,DF,Penta,19.2,0.503,,0.212,
642 (2),45.57988 N,61.67921 W,DF,Penta,20.3,0.619,,0.261,
643 (1),45.58034 N,61.67725 W,RP,Creo,24.6,,,0,Pre-Test (Low Range)
643 (2),45.58034 N,61.67725 W,RP,Creo,23.1,,,0,Pre-Test (Low Range)
644 (1),45.58087 N,61.67537 W,RP,Creo,14.1,,,0,Pre-Test (Low Range)
644 (2),45.58087 N,61.67537 W,RP,Creo,19.7,,,0,Pre-Test (Low Range)
645 (1),45.58138 N,61.67215 W,RP,Creo,25,,,0,Pre-Test (Low Range)
645 (2),45.58138 N,61.67215 W,RP,Creo,17.9,,,0,Pre-Test (Low Range)
646 (1),45.58171 N,61.67042 W,DF,Penta,28.7,0.154,,0.065,
646 (2),45.58171 N,61.67042 W,DF,Penta,23.9,0.462,,0.195,
647 (1),45.58221 N,61.66788 W,RP,Creo,24.7,,,0,Pre-Test (Low Range)
647 (2),45.58221 N,61.66788 W,RP,Creo,20.9,,,0,Pre-Test (Low Range)
648 (1),45.58293 N,61.66465 W,DF,Penta,21.8,0.419,,0.177,
648 (2),45.58293 N,61.66465 W,DF,Penta,17.2,0.341,,0.144,
649 (1),45.58362 N,61.66119 W,RP,Penta,24,0.373,,0.136,
649 (2),45.58362 N,61.66119 W,WRC,Un-Treated,20.1,,,0,Pre-Test (Low Range)
650 (1),45.58426 N,61.65867 W,RP,Penta,19.4,0.255,,0.093,
650 (2),45.58426 N,61.65867 W,RP,Creo,17.2,,,0,Pre-Test (Low Range)
651 (1),45.58484 N,61.65536 W,DF,Penta,21.8,2.607,,1.099,
651 (2),45.58484 N,61.65536 W,DF,Penta,15.6,1.561,,0.658,
652 (1),45.58549 N,61.65171 W,RP,Creo,11.9,,,0,Pre-Test (Low Range)
652 (2),45.58549 N,61.65171 W,RP,Creo,10.5,,,0,Pre-Test (Low Range)
653 (1),45.58608 N,61.64979 W,WRC,Penta,27.5,0.083,,0.029,
653 (2),45.58608 N,61.64979 W,RP,Penta,14.2,0.19,,0.069,
654 (1),45.58671 N,61.61640 W,WRC,Un-Treated,25.1,,,0,Pre-Test (Low Range)
654 (2),45.58671 N,61.61640 W,WRC,Un-Treated,22.1,,,0,Pre-Test (Low Range)
655 (1),45.58717 N,61.6447 W,RP,Creo,12.1,,,0,Pre-Test (Low Range)
655 (2),45.58717 N,61.6447 W,RP,Creo,13.8,,,0,Pre-Test (Low Range)
656 (1),45.58783 N,61.64117 W,RP,Penta,14.8,0.583,,0.212,
656 (2),45.58783 N,61.64117 W,SYP,Penta,12.2,0.522,,0.264,
657 (1),45.58859 N,61.63726 W,SYP,Penta,18.3,0.457,,0.231,
657 (2),45.58859 N,61.63726 W,SYP,Penta,16.4,0.259,,0.131,
658 (1),45.58928 N,61.63436 W,RP,Penta,12.8,0.528,,0.193,
658 (2),45.58928 N,61.63436 W,SYP,Penta,13.7,0.421,,0.213,
659 (1),45.58982 N,61. 63153 W,WRC,Un-Treated,27.1,,,0,Pre-Test (Low Range)
659 (2),45.58982 N,61. 63153 W,WRC,Un-Treated,15.9,,,0,Pre-Test (Low Range)
660 (1),45.59036 N,61.62886 W,DF,Penta,16.5,1.024,,0.432,
660 (2),45.59036 N,61.62886 W,DF,Penta,12.1,0.999,,0.421,
661 (1),45.59141 N,61.62379 W,RP,Penta,28.7,0.258,,0.094,
661 (2),45.59141 N,61.62379 W,RP,Penta?,19.3,0.004,,0.002,
661 (3),45.59141 N,61.62379 W,RP,Penta?,16.4,0.083,,0.03,
662 (1),45.59218 N,61.62023 W,DF,Penta,17.2,1.58,,0.666,
662 (2),45.59218 N,61.62023 W,DF,Penta,16,1.486,,0.627,
663 (1),45.59314 N,61.61560 W,DF,Penta,17.2,1.093,,0.461,
663 (2),45.59314 N,61.61560 W,DF,Penta,12.9,0.7,,0.295,
664 (1),45.59404 N,61.61127 W,SYP,Penta,20.9,0.571,,0.288,
664 (2),45.59404 N,61.61127 W,SYP,Penta,20.5,0.674,,0.341,
665 (1),45.59449 N,61.60847 W,RP,Creo,27.6,,,0,Pre-Test (Low Range)
665 (2),45.59449 N,61.60847 W,RP,Creo,25.4,,,0,Pre-Test (Low Range)
666 (1),45.59534 N,61.60605 W,DF,Penta,19.2,0.079,,0.033,
666 (2),45.59534 N,61.60605 W,DF,Penta,16.7,1.947,,0.821,
667 (1),45.59577 N,61.60259 W,RP,Penta,14.3,0.226,,0.082,
667 (2),45.59577 N,61.60259 W,RP,Penta,12.9,0.195,,0.071,
668 (1),45.59606 N,61.60158 W,RP,Penta,21.3,0.739,,0.269,
668 (2),45.59606 N,61.60158 W,RP,Penta,23.9,0.718,,0.262,
669 (1),45.59682 N,61.59742 W,RP,Creo,11.2,,,0,Pre-Test (Low Range)
669 (2),45.59682 N,61.59742 W,RP,Creo,8.4,,,0,Pre-Test (Low Range)
670 (1),45.59763 N,61.59430 W,RP,Creo,14.3,,,0,Pre-Test (Low Range)
670 (2),45.59763 N,61.59430 W,RP,Creo,12.9,,,0,Pre-Test (Low Range)
671 (1),45.59794 N,61.59281 W,SYP,Penta,6.8,0.351,,0.178,
671 (2),45.59794 N,61.59281 W,SYP,Penta,6.1,0.586,,0.296,
,,,,,,,,,
672 (1),45.59852 N,61.59010 W,RP,,11.7,0,,0,
672 (2),45.59852 N,61.59010 W,RP,,11,0,,0,
673 (1),45.59899 N,61. 58767 W,DF,,9.2,0.399,,0.168,
673 (2),45.59899 N,61. 58767 W,DF,,7.3,1.68,,0.708,
674 (1),45.59959 N,61.58474 W,,,14.8,0.555,,0.202,
674 (2),45.59959 N,61.58474 W,,,15.2,0.431,,0.157,
675 (1),45.60028 N,61.58171 W,RP,,11.7,0.489,,0.178,
675 (2),45.60028 N,61.58171 W,RP,,11,0.125,,0.045,
676 (1),45.60062 N,61.57903 W,RP,,11.2,0.412,,0.15,
676 (2),45.60062 N,61.57903 W,RP,,8.4,1.102,,0.402,
677 (1),45.60135 N,61.57621 W,DF,,15.8,0.887,,0.374,
677 (2),45.60135 N,61.57621 W,DF,,7.2,0.363,,0.153,
678 (1),45.60209 N,61.57297 W,,,6.4,0.06,,0.025,
678 (2),45.60209 N,61.57297 W,RP,,7.2,0,,0,
679 (1),45.60270 N,61.57000 W,DF,,19.4,0.898,,0.379,
679 (2),45.60270 N,61.57000 W,DF,,12.8,0.678,,0.286,
680 (1),45.60349 N,61. 56632 W,DF,,18.7,0.856,,0.361,
680 (2),45.60349 N,61. 56632 W,DF,,14.9,1.454,,0.613,
681 (1),45.60401 N,61.56349 W,RP,,14.2,0,,0,
681 (2),45.60401 N,61.56349 W,RP,,12.7,0,,0,
682 (1),45.60461 N,61.56104 W,SYP,,14.8,0,,0,
682 (2),45.60461 N,61.56104 W,SYP,,16.9,0,,0,
683 (1),45.60525 N,61.55803 W,SYP,,13.9,0.349,,0.176,
683 (2),45.60525 N,61.55803 W,SYP,,16.2,0.264,,0.133,
684 (1),45.60564 N,61.55644 W,SYP,,14.6,0.957,,0.484,
684 (2),45.60564 N,61.55644 W,SYP,,19.1,1.007,,0.509,
684 (3),45.60564 N,61.55644 W,SYP,,18.3,1.172,,0.593,
685 (1),45.60514 N,61.55502 W,SYP,,17.1,0.624,,0.316,
685 (2),45.60514 N,61.55502 W,SYP,,16.5,1.032,,0.522,
685 (3),45.60514 N,61.55502 W,SYP,,17.3,1.158,,0.586,
686 (1),45.60597 N,61.55441 W,SYP,,19.3,0.793,,0.401,
686 (2),45.60597 N,61.55441 W,SYP,,17.8,0.427,,0.214,
686 (3),45.60597 N,61.55441 W,SYP,,16.7,0.624,,0.316,
687 (1),45.60650 N,61.55169 W,DF,,12.4,0.859,,0.362,
687 (2),45.60650 N,61.55169 W,DF,,18.8,0.38,,0.16,
688 (1),45.60719 N,61.54844 W,,,24.7,0.015,,0.005,
688 (2),45.60719 N,61.54844 W,,,19.4,0,,0,
689 (1),45.60752 N,61.54678 W,,,24.8,0,,0,
689 (2),45.60752 N,61.54678 W,,,27.1,0.017,,0.006,
690 (1),45.60805 N,61.54423 W,DF,,12.9,0.208,,0.088,
690 (2),45.60805 N,61.54423 W,DF,,21.2,0.471,,0.153,
691 (1),45.60847 N,61.54194 W,DF,,13.1,0.9,,0.199,
691 (2),45.60847 N,61.54194 W,DF,,21.2,1.686,,0.711,
692 (1),45.60906 N,61.53963 W,DF,,21.9,0.33,,0.1329,
692 (2),45.60906 N,61.53963 W,RP,,31.8,0.002,,0.001,
693 (1),45.60975 N,61.53568 W,,,22.1,0.203,,0.086,
693 (2),45.60975 N,61.53568 W,,,19.7,0.275,,0.116,
694 (1),45.61038 N,61.53298 W,DF,,25.1,0.253,,0.107,
694 (2),45.61038 N,61.53298 W,DF,,23.9,1.098,,0.463,
694 (3),45.61038 N,61.53298 W,DF,,24.1,1.372,,0.578,
695 (1),45.61038 N,61.53298 W,DF,,23.2,0.9,,0.379,
695 (2),45.61038 N,61.53298 W,DF,,24.9,0.999,,0.421,
696 (1),45.61254 N,61.52781 W,,,18.1,0.023,,0.008,
696 (2),45.61254 N,61.52781 W,,,22.7,0,,0.009,
697 (1),45.61385 N,61.52405 W,SYP,,27.5,0.33,,0.167,
697 (2),45.61385 N,61.52405 W,SYP,,22.9,0.634,,0.32,
697 (3),45.61385 N,61.52405 W,SYP,,26.3,0.55,,0.278,
698 (1),45.61557 N,61.51977 W,DF,,35.8,0.454,,0.191,
698 (2),45.61557 N,61.51977 W,DF,,33.6,0.046,,0.02,
698 (3),45.61557 N,61.51977 W,DF,,34,0.732,,0.309,
699 (1),45.61682 N,61.51647 W,,,20,0,,0,
699 (2),45.61682 N,61.51647 W,,,18.3,0,,0,
700 (1),,,,,,0,,0,
700 (2),,,,,,0,,0,
701 (1),,,,,,0,,0,
701 (2),,,,,,0,,0,
702 (1),45.61988 N,61.50831 W,RP,,,0.488,,0.178,
702 (2),45.61988 N,61.50831 W,RP,,,0.619,,0.226,
703 (1),45.62059 N,61.50632 W,RP,,,0.104,,0.038,
703 (2),45.62059 N,61.50632 W,RP,,,0,,0,
704 (1),45.62165 N,61.50375 W,RP,,19.7,0,,0,
704 (2),45.62165 N,61.50375 W,RP,,22.9,0,,0,
705 (1),45.62218 N,61.50239 W,RP,,25.3,0.826,,0.301,
705 (2),45.62218 N,61.50239 W,RP,,22,0.48,,0.175,
706 (1),45.62490 N,61.50470 W,RP,,18.8,1.392,,0.507,
706 (2),45.62490 N,61.50470 W,RP,,17.9,0.65,,0.237,
707 (1),45.62425 N,61.49696 W,DF,,9.8,0.235,,0.099,
707 (2),45.62425 N,61.49696 W,DF,,12.3,0.032,,0.013,
708 (1),45.62520 N,61.49439 W,RP,,12.4,0,,0,
708 (2),45.62520 N,61.49439 W,RP,,13.7,0,,0,
709 (1),45.62593 N,61.49250 W,DF,,23.1,1.13,,0.412,
709 (2),45.62593 N,61.49250 W,DF,,19.8,0.392,,0.143,
710 (1),45.62339 N,61.49911 W,DF,,8.9,0,,0,
710 (2),45.62339 N,61.49911 W,DF,,9.1,0,,0,
711 (1),45.62803 N,61.48727 W,,,,0,,0,
711 (2),45.62803 N,61.48727 W,,,,0,,0,
712 (1),45.62878 N,61.48520 W,DF,,22.1,0.946,,0.399,
712 (2),45.62878 N,61.48520 W,DF,,9.9,0.266,,0.112,
713 (1),45.62951 N,61.48311 W,DF,,18.7,1.206,,0.508,
713 (2),45.62951 N,61.48311 W,DF,,16.9,0.917,,0.387,
714 (1),45.63049 N,61.48050 W,RP,,16.8,0.424,,0.154,
714 (2),45.63049 N,61.48050 W,RP,,12.9,0.448,,0.163,
715 (1),45.63164 N,61.47771 W,RP,,33.3,0.137,,0.05,
715 (2),45.63164 N,61.47771 W,RP,,36.9,0,,0,
716 (1),45.63271 N,61.47398 W,,,16.7,0.137,,0.05,
716 (2),45.63271 N,61.47398 W,,,19.7,0.526,,0.192,
717 (1),45.63398 N,61.47158 W,,,18.9,0,,0,
717 (2),45.63398 N,61.47158 W,DF,,20.6,0.268,,0.113,
718 (1),45.63500 N,61.46891 W,,,8.2,,,0,
718 (2),45.63500 N,61.46891 W,,,8.9,,,0,
719 (1),45.63611 N,61.46608 W,DF,,9.8,0.185,,0.078,
719 (2),45.63611 N,61.46608 W,DF,,8.2,0.322,,0.136,
720 (1),45.63723 N,61.46300 W,RP,,21.3,,,0,
720 (2),45.63723 N,61.46300 W,RP,,10.9,,,0,
721 (1),45.63803 N,61.46101 W,,,9.7,0,,0,
721 (2),45.63803 N,61.46101 W,,,10.9,0,,0,
722 (1),45.63877 N,61.45893 W,,,19.7,0,,0,
722 (2),45.63877 N,61.45893 W,,,18.6,0.03,,0.011,
723 (1),45.63916 N,61.45748 W,,,27.9,0,,0,
723 (2),45.63916 N,61.45748 W,,,25.4,0,,0,
723 (3),45.63916 N,61.45748 W,,,26.3,0.023,,0.008,
724 (1),45.63942 N,61.4596 W,,,,,,0,Surrounded by water
724 (2),45.63942 N,61.4596 W,,,,,,0,Surrounded by water
725 (1),45.63945 N,61.45243 W,DF,,23.9,0.853,,0.359,
725 (2),45.63945 N,61.45243 W,DF,,18.8,0.574,,0.242,
726 (1),45.63946 N,61.45000 W,RP,,16.9,0.51,,0.186,
726 (2),45.63946 N,61.45000 W,RP,,18.3,0.812,,0.296,
727 (1),45.63943 N,61.44854 W,RP,,27.9,1.023,,0.373,
727 (2),45.63943 N,61.44854 W,RP,,19.8,0.859,,0.313,
728 (1),45.6981 N,61.44527 W,DF,,28.3,0.269,,0.113,
728 (2),45.6981 N,61.44527 W,DF,,17.9,0.402,,0.169,
728 (3),45.6981 N,61.44527 W,DF,,19.7,0.038,,0.016,
729 (1),45.63984 N,61.43934 W,,,17.1,0.384,,0.14,
729 (2),45.63984 N,61.43934 W,,,12.3,0.233,,0.085,
729 (3),45.63984 N,61.43934 W,,,19.7,0.279,,0.102,
730 (1),45.63989 N,61.43769 W,,,17.9,0.067,,0.028,
730 (2),45.63989 N,61.43769 W,,,18.3,0.133,,0.056,
731 (1),45.63990 N,61.43549 W,DF,,18.1,0.33,,0.139,
731 (2),45.63990 N,61.43549 W,DF,,17.9,0.47,,0.198,
732 (1),45.64011 N,61.43094 W,DF,,17.9,0.625,,0.264,
732 (2),45.64011 N,61.43094 W,DF,,16.7,1.267,,0.534,
732 (3),45.64011 N,61.43094 W,DF,,17.1,0.481,,0.203,
733 (1),45.63989 N,61.42849 W,,,16.1,0.489,,0.178,
733 (2),45.63989 N,61.42849 W,,,12.2,0.047,,0.017,
733 (3),45.63989 N,61.42849 W,,,14.9,0,,0,
